Workbook

Sheet Critérios
B2: PLANILHA DE AVALIAÇÃO API | C2: 2025-2 | E2: Escala: 1, 2, 3, 4 | G2: Nota Equivalente
B3: CURSO: | C3: Logística | E3: 1 | F3: Não Atendeu | G3: 0
B4: SEMESTRE: | C4: 1º Noite | E4: 2 | F4: Regular | G4: 4
B5: PROFESSOR P2: | C5: José Jaétis | E5: 3 | F5: Bom | G5: 7
B6: PROFESSOR M2: | C6: Marcus Nascimento | E6: 4 | F6: Muito bom | G6: 10
B9: Critérios
B10: Tipo | C10: Nome | D10: Avaliador | E10: % | F10: Escala
F11: 1 | G11: 2 | H11: 3 | I11: 4
B12: Processo | C12: P.1. Backlog de Produto | D12: P2 | E12: 0.1 | F12: Não atendeu | G12: Preparação antes da Sprint 1, Adequação ao Template | H12: Preparação antes da Sprint 1, Adequação ao Template, Priorização por Valor, Interação com Parceiro | I12: Preparação antes da Sprint 1, Adequação ao Template, Priorização por Valor, Interação com Parceiro, Explicitação de Valor do Negócio nas User Stories
B13: Processo | C13: P.2. Backlog de Sprint | D13: P2 | E13: 0.1 | F13: Não atendeu | G13: Preparação antes da Sprint | H13: Preparação antes da Sprint, Precisa conter as User Stories de maior Prioridade, Definição de Meta (imutável) | I13: Preparação antes da Sprint, Precisa conter as User Stories de maior Prioridade, Definição de Meta (imutável), Cumprimento de DoR
B14: Processo | C14: P.3. Alocação de Tarefas, com base no DoR | D14: M2 | E14: 0.1 | F14: Não atendeu | G14: Criação de Tarefas com tamanho adequado (duração prevista menor que 8 horas), Distribuição e Classificação de Tarefas proporcional aos membros | H14: Criação de Tarefas com tamanho adequado (duração prevista menor que 8 horas), Distribuição e Classificação de Tarefas proporcional aos membros, Alocação de uma tarefa em progresso por vez, Estimativa de Data de entrega de Tarefa | I14: Criação de Tarefas com tamanho adequado (duração prevista menor que 8 horas), Distribuição e Classificação de Tarefas proporcional aos membros, Alocação de uma tarefa em progresso por vez, Estimativa de Data de entrega de Tarefa, Atualização de Burndown com Progresso ou Gráfico Gantt
B15: GitHub | C15: G.1. Documentação no GitHub | D15: P2 | E15: 0.1 | F15: Não atendeu | G15: Membros da Equipe com respectivos papéis, Descrição do desafio, Título do projeto, Backlog do produto, Pasta de documentação | H15: Membros da Equipe com respectivos papéis, Descrição do desafio, Título do projeto, Backlog do produto, Tecnologias utilizadas, Preenchimento da página de MVP | I15: Membros da Equipe com respectivos papéis, Descrição do desafio, Título do projeto, Backlog do produto, Pasta de documentação, Tecnologias utilizadas, Preenchimento da página de MVP, Relatório Técnico da Sprint
B16: Requisitos | C16: R.1. Review - Apresentação | D16: P2 | E16: 0.1 | F16: Não atendeu | G16: Conteúdo (Apresentou todas as User Stories previstas e "algo" funcionando) | H16: Conteúdo (Apresentou todas as User Stories da Meta do Sprint funcionando e seguindo o template da apresentação), Postura (linguagem, time todo presente, respondeu adequadamente as perguntas) | I16: Conteúdo (Apresentou todas as User Stories da Meta do Sprint funcionando e seguindo o template da apresentação), Postura (linguagem, time todo presente, respondeu adequadamente as perguntas), Uso do tempo
B17: Requisitos | C17: R.2. Conformidade Técnica - Requisitos Funcionais e Não Funcionais | D17: M2/P2 | E17: 0.1 | F17: Não tem Dashboard | G17: Avaliação do professor - Revisão do Dashboard e Tecnologias Aplicadas | H17: Avaliação do professor - Revisão do Dashboard e Tecnologias Aplicadas | I17: Avaliação do professor - Revisão do Dashboard e Tecnologias Aplicadas
B18: Soft Skills | C18: SOFT. PACER | D18: Equipe | E18: 0.3 | F18: Não atendeu | G18: Avaliação conforme Guia de Soft Skills | H18: Avaliação conforme Guia de Soft Skills | I18: Avaliação conforme Guia de Soft Skills
D19: Total | E19: =SUM(E12:E18) -> 0.9
B22: Critérios
B23: Tipo | C23: Nome | D23: Avaliador | E23: % | F23: Escala
F24: 1 | G24: 2 | H24: 3 | I24: 4
B25: Avaliação individual | C25: O que aprendi e o que desenvolvi? | D25: M2/P2 | E25: 0.1 | F25: Não atendeu | G25: Avaliação conforme requisitos tecnológicos do projeto | H25: Avaliação conforme requisitos tecnológicos do projeto | I25: Avaliação conforme requisitos tecnológicos do projeto

Sheet Equipes
A1: Nome | B1: Endereço do Git | C1: Sprint 1 | J1: Sprint 2 | Q1: Sprint 3
C2: Backlog de Produto | D2: Backlog de Sprint | E2: Alocação de Tarefas | F2: Documentação no GitHub | G2: Apresentação (Review) | H2: Conformidade Técnica | I2: Total | J2: Backlog de Produto | K2: Backlog de Sprint | L2: Alocação de Tarefas | M2: Documentação no GitHub | N2: Apresentação (Review) | O2: Conformidade Técnica | P2: Total | Q2: Backlog de Produto | R2: Backlog de Sprint | S2: Alocação de Tarefas | T2: Documentação no GitHub | U2: Apresentação (Review) | V2: Conformidade Técnica | W2: Total
C3: =Critérios!$E$12 -> 0.1 | D3: =Critérios!$E$13 -> 0.1 | E3: =Critérios!$E$14 -> 0.1 | F3: =Critérios!$E$15 -> 0.1 | G3: =Critérios!$E$16 -> 0.1 | H3: =Critérios!$E$17 -> 0.1 | J3: =Critérios!$E$12 -> 0.1 | K3: =Critérios!$E$13 -> 0.1 | L3: =Critérios!$E$14 -> 0.1 | M3: =Critérios!$E$15 -> 0.1 | N3: =Critérios!$E$16 -> 0.1 | O3: =Critérios!$E$17 -> 0.1 | Q3: =Critérios!$E$12 -> 0.1 | R3: =Critérios!$E$13 -> 0.1 | S3: =Critérios!$E$14 -> 0.1 | T3: =Critérios!$E$15 -> 0.1 | U3: =Critérios!$E$16 -> 0.1 | V3: =Critérios!$E$17 -> 0.1
A4: FactLog | B4: https://github.com/Litzank/Projeto-Primeiro-Semestre-Logistica | C4: 4 | D4: 4 | E4: 2 | F4: 4 | G4: 3 | H4: 4 | I4: =VLOOKUP(C4,Critérios!$E$3:$G$7,3,FALSE)*$C$3+VLOOKUP(D4,Critérios!$E$3:$G$7,3,FALSE)*$D$3+VLOOKUP(E4,Critérios!$E$3:$G$7,3,FALSE)*$E$3+VLOOKUP(F4,Critérios!$E$3:$G$7,3,FALSE)*$F$3+VLOOKUP(G4,Critérios!$E$3:$G$7,3,FALSE)*$G$3+VLOOKUP(H4,Critérios!$E$3:$G$7,3,FALSE)*$H$3 -> 5.1 | J4: 1 | K4: 1 | L4: 1 | M4: 1 | N4: 1 | O4: 1 | P4: =VLOOKUP(J4,Critérios!$E$3:$G$7,3,FALSE)*$C$3+VLOOKUP(K4,Critérios!$E$3:$G$7,3,FALSE)*$D$3+VLOOKUP(L4,Critérios!$E$3:$G$7,3,FALSE)*$E$3+VLOOKUP(M4,Critérios!$E$3:$G$7,3,FALSE)*$F$3+VLOOKUP(N4,Critérios!$E$3:$G$7,3,FALSE)*$G$3+VLOOKUP(O4,Critérios!$E$3:$G$7,3,FALSE)*$H$3 -> 0 | Q4: 1 | R4: 1 | S4: 1 | T4: 1 | U4: 1 | V4: 1 | W4: =VLOOKUP(Q4,Critérios!$E$3:$G$7,3,FALSE)*$C$3+VLOOKUP(R4,Critérios!$E$3:$G$7,3,FALSE)*$D$3+VLOOKUP(S4,Critérios!$E$3:$G$7,3,FALSE)*$E$3+VLOOKUP(T4,Critérios!$E$3:$G$7,3,FALSE)*$F$3+VLOOKUP(U4,Critérios!$E$3:$G$7,3,FALSE)*$G$3+VLOOKUP(V4,Critérios!$E$3:$G$7,3,FALSE)*$H$3 -> 0
A5: Hermscorp | C5: 1 | D5: 1 | E5: 1 | F5: 1 | G5: 1 | H5: 1 | I5: =VLOOKUP(C5,Critérios!$E$3:$G$7,3,FALSE)*$C$3+VLOOKUP(D5,Critérios!$E$3:$G$7,3,FALSE)*$D$3+VLOOKUP(E5,Critérios!$E$3:$G$7,3,FALSE)*$E$3+VLOOKUP(F5,Critérios!$E$3:$G$7,3,FALSE)*$F$3+VLOOKUP(G5,Critérios!$E$3:$G$7,3,FALSE)*$G$3+VLOOKUP(H5,Critérios!$E$3:$G$7,3,FALSE)*$H$3 -> 0 | J5: 1 | K5: 1 | L5: 1 | M5: 1 | N5: 1 | O5: 1 | P5: =VLOOKUP(J5,Critérios!$E$3:$G$7,3,FALSE)*$C$3+VLOOKUP(K5,Critérios!$E$3:$G$7,3,FALSE)*$D$3+VLOOKUP(L5,Critérios!$E$3:$G$7,3,FALSE)*$E$3+VLOOKUP(M5,Critérios!$E$3:$G$7,3,FALSE)*$F$3+VLOOKUP(N5,Critérios!$E$3:$G$7,3,FALSE)*$G$3+VLOOKUP(O5,Critérios!$E$3:$G$7,3,FALSE)*$H$3 -> 0 | Q5: 1 | R5: 1 | S5: 1 | T5: 1 | U5: 1 | V5: 1 | W5: =VLOOKUP(Q5,Critérios!$E$3:$G$7,3,FALSE)*$C$3+VLOOKUP(R5,Critérios!$E$3:$G$7,3,FALSE)*$D$3+VLOOKUP(S5,Critérios!$E$3:$G$7,3,FALSE)*$E$3+VLOOKUP(T5,Critérios!$E$3:$G$7,3,FALSE)*$F$3+VLOOKUP(U5,Critérios!$E$3:$G$7,3,FALSE)*$G$3+VLOOKUP(V5,Critérios!$E$3:$G$7,3,FALSE)*$H$3 -> 0
A6: Nexus | C6: 1 | D6: 1 | E6: 1 | F6: 1 | G6: 1 | H6: 1 | I6: =VLOOKUP(C6,Critérios!$E$3:$G$7,3,FALSE)*$C$3+VLOOKUP(D6,Critérios!$E$3:$G$7,3,FALSE)*$D$3+VLOOKUP(E6,Critérios!$E$3:$G$7,3,FALSE)*$E$3+VLOOKUP(F6,Critérios!$E$3:$G$7,3,FALSE)*$F$3+VLOOKUP(G6,Critérios!$E$3:$G$7,3,FALSE)*$G$3+VLOOKUP(H6,Critérios!$E$3:$G$7,3,FALSE)*$H$3 -> 0 | J6: 1 | K6: 1 | L6: 1 | M6: 1 | N6: 1 | O6: 1 | P6: =VLOOKUP(J6,Critérios!$E$3:$G$7,3,FALSE)*$C$3+VLOOKUP(K6,Critérios!$E$3:$G$7,3,FALSE)*$D$3+VLOOKUP(L6,Critérios!$E$3:$G$7,3,FALSE)*$E$3+VLOOKUP(M6,Critérios!$E$3:$G$7,3,FALSE)*$F$3+VLOOKUP(N6,Critérios!$E$3:$G$7,3,FALSE)*$G$3+VLOOKUP(O6,Critérios!$E$3:$G$7,3,FALSE)*$H$3 -> 0 | Q6: 1 | R6: 1 | S6: 1 | T6: 1 | U6: 1 | V6: 1 | W6: =VLOOKUP(Q6,Critérios!$E$3:$G$7,3,FALSE)*$C$3+VLOOKUP(R6,Critérios!$E$3:$G$7,3,FALSE)*$D$3+VLOOKUP(S6,Critérios!$E$3:$G$7,3,FALSE)*$E$3+VLOOKUP(T6,Critérios!$E$3:$G$7,3,FALSE)*$F$3+VLOOKUP(U6,Critérios!$E$3:$G$7,3,FALSE)*$G$3+VLOOKUP(V6,Critérios!$E$3:$G$7,3,FALSE)*$H$3 -> 0
A7: Gavca | B7: https://github.com/Gavca-API/GavcaS01 | C7: 4 | D7: 4 | E7: 2 | F7: 4 | G7: 3 | H7: 4 | I7: =VLOOKUP(C7,Critérios!$E$3:$G$7,3,FALSE)*$C$3+VLOOKUP(D7,Critérios!$E$3:$G$7,3,FALSE)*$D$3+VLOOKUP(E7,Critérios!$E$3:$G$7,3,FALSE)*$E$3+VLOOKUP(F7,Critérios!$E$3:$G$7,3,FALSE)*$F$3+VLOOKUP(G7,Critérios!$E$3:$G$7,3,FALSE)*$G$3+VLOOKUP(H7,Critérios!$E$3:$G$7,3,FALSE)*$H$3 -> 5.1 | J7: 1 | K7: 1 | L7: 1 | M7: 1 | N7: 1 | O7: 1 | P7: =VLOOKUP(J7,Critérios!$E$3:$G$7,3,FALSE)*$C$3+VLOOKUP(K7,Critérios!$E$3:$G$7,3,FALSE)*$D$3+VLOOKUP(L7,Critérios!$E$3:$G$7,3,FALSE)*$E$3+VLOOKUP(M7,Critérios!$E$3:$G$7,3,FALSE)*$F$3+VLOOKUP(N7,Critérios!$E$3:$G$7,3,FALSE)*$G$3+VLOOKUP(O7,Critérios!$E$3:$G$7,3,FALSE)*$H$3 -> 0 | Q7: 1 | R7: 1 | S7: 1 | T7: 1 | U7: 1 | V7: 1 | W7: =VLOOKUP(Q7,Critérios!$E$3:$G$7,3,FALSE)*$C$3+VLOOKUP(R7,Critérios!$E$3:$G$7,3,FALSE)*$D$3+VLOOKUP(S7,Critérios!$E$3:$G$7,3,FALSE)*$E$3+VLOOKUP(T7,Critérios!$E$3:$G$7,3,FALSE)*$F$3+VLOOKUP(U7,Critérios!$E$3:$G$7,3,FALSE)*$G$3+VLOOKUP(V7,Critérios!$E$3:$G$7,3,FALSE)*$H$3 -> 0
A8: LogSystem | C8: 1 | D8: 1 | E8: 1 | F8: 1 | G8: 1 | H8: 1 | I8: =VLOOKUP(C8,Critérios!$E$3:$G$7,3,FALSE)*$C$3+VLOOKUP(D8,Critérios!$E$3:$G$7,3,FALSE)*$D$3+VLOOKUP(E8,Critérios!$E$3:$G$7,3,FALSE)*$E$3+VLOOKUP(F8,Critérios!$E$3:$G$7,3,FALSE)*$F$3+VLOOKUP(G8,Critérios!$E$3:$G$7,3,FALSE)*$G$3+VLOOKUP(H8,Critérios!$E$3:$G$7,3,FALSE)*$H$3 -> 0 | J8: 1 | K8: 1 | L8: 1 | M8: 1 | N8: 1 | O8: 1 | P8: =VLOOKUP(J8,Critérios!$E$3:$G$7,3,FALSE)*$C$3+VLOOKUP(K8,Critérios!$E$3:$G$7,3,FALSE)*$D$3+VLOOKUP(L8,Critérios!$E$3:$G$7,3,FALSE)*$E$3+VLOOKUP(M8,Critérios!$E$3:$G$7,3,FALSE)*$F$3+VLOOKUP(N8,Critérios!$E$3:$G$7,3,FALSE)*$G$3+VLOOKUP(O8,Critérios!$E$3:$G$7,3,FALSE)*$H$3 -> 0 | Q8: 1 | R8: 1 | S8: 1 | T8: 1 | U8: 1 | V8: 1 | W8: =VLOOKUP(Q8,Critérios!$E$3:$G$7,3,FALSE)*$C$3+VLOOKUP(R8,Critérios!$E$3:$G$7,3,FALSE)*$D$3+VLOOKUP(S8,Critérios!$E$3:$G$7,3,FALSE)*$E$3+VLOOKUP(T8,Critérios!$E$3:$G$7,3,FALSE)*$F$3+VLOOKUP(U8,Critérios!$E$3:$G$7,3,FALSE)*$G$3+VLOOKUP(V8,Critérios!$E$3:$G$7,3,FALSE)*$H$3 -> 0
C9: 1 | D9: 1 | E9: 1 | F9: 1 | G9: 1 | H9: 1 | I9: =VLOOKUP(C9,Critérios!$E$3:$G$7,3,FALSE)*$C$3+VLOOKUP(D9,Critérios!$E$3:$G$7,3,FALSE)*$D$3+VLOOKUP(E9,Critérios!$E$3:$G$7,3,FALSE)*$E$3+VLOOKUP(F9,Critérios!$E$3:$G$7,3,FALSE)*$F$3+VLOOKUP(G9,Critérios!$E$3:$G$7,3,FALSE)*$G$3+VLOOKUP(H9,Critérios!$E$3:$G$7,3,FALSE)*$H$3 -> 0 | J9: 1 | K9: 1 | L9: 1 | M9: 1 | N9: 1 | O9: 1 | P9: =VLOOKUP(J9,Critérios!$E$3:$G$7,3,FALSE)*$C$3+VLOOKUP(K9,Critérios!$E$3:$G$7,3,FALSE)*$D$3+VLOOKUP(L9,Critérios!$E$3:$G$7,3,FALSE)*$E$3+VLOOKUP(M9,Critérios!$E$3:$G$7,3,FALSE)*$F$3+VLOOKUP(N9,Critérios!$E$3:$G$7,3,FALSE)*$G$3+VLOOKUP(O9,Critérios!$E$3:$G$7,3,FALSE)*$H$3 -> 0 | Q9: 1 | R9: 1 | S9: 1 | T9: 1 | U9: 1 | V9: 1 | W9: =VLOOKUP(Q9,Critérios!$E$3:$G$7,3,FALSE)*$C$3+VLOOKUP(R9,Critérios!$E$3:$G$7,3,FALSE)*$D$3+VLOOKUP(S9,Critérios!$E$3:$G$7,3,FALSE)*$E$3+VLOOKUP(T9,Critérios!$E$3:$G$7,3,FALSE)*$F$3+VLOOKUP(U9,Critérios!$E$3:$G$7,3,FALSE)*$G$3+VLOOKUP(V9,Critérios!$E$3:$G$7,3,FALSE)*$H$3 -> 0
C10: 1 | D10: 1 | E10: 1 | F10: 1 | G10: 1 | H10: 1 | I10: =VLOOKUP(C10,Critérios!$E$3:$G$7,3,FALSE)*$C$3+VLOOKUP(D10,Critérios!$E$3:$G$7,3,FALSE)*$D$3+VLOOKUP(E10,Critérios!$E$3:$G$7,3,FALSE)*$E$3+VLOOKUP(F10,Critérios!$E$3:$G$7,3,FALSE)*$F$3+VLOOKUP(G10,Critérios!$E$3:$G$7,3,FALSE)*$G$3+VLOOKUP(H10,Critérios!$E$3:$G$7,3,FALSE)*$H$3 -> 0 | J10: 1 | K10: 1 | L10: 1 | M10: 1 | N10: 1 | O10: 1 | P10: =VLOOKUP(J10,Critérios!$E$3:$G$7,3,FALSE)*$C$3+VLOOKUP(K10,Critérios!$E$3:$G$7,3,FALSE)*$D$3+VLOOKUP(L10,Critérios!$E$3:$G$7,3,FALSE)*$E$3+VLOOKUP(M10,Critérios!$E$3:$G$7,3,FALSE)*$F$3+VLOOKUP(N10,Critérios!$E$3:$G$7,3,FALSE)*$G$3+VLOOKUP(O10,Critérios!$E$3:$G$7,3,FALSE)*$H$3 -> 0 | Q10: 1 | R10: 1 | S10: 1 | T10: 1 | U10: 1 | V10: 1 | W10: =VLOOKUP(Q10,Critérios!$E$3:$G$7,3,FALSE)*$C$3+VLOOKUP(R10,Critérios!$E$3:$G$7,3,FALSE)*$D$3+VLOOKUP(S10,Critérios!$E$3:$G$7,3,FALSE)*$E$3+VLOOKUP(T10,Critérios!$E$3:$G$7,3,FALSE)*$F$3+VLOOKUP(U10,Critérios!$E$3:$G$7,3,FALSE)*$G$3+VLOOKUP(V10,Critérios!$E$3:$G$7,3,FALSE)*$H$3 -> 0
C11: 1 | D11: 1 | E11: 1 | F11: 1 | G11: 1 | H11: 1 | I11: =VLOOKUP(C11,Critérios!$E$3:$G$7,3,FALSE)*$C$3+VLOOKUP(D11,Critérios!$E$3:$G$7,3,FALSE)*$D$3+VLOOKUP(E11,Critérios!$E$3:$G$7,3,FALSE)*$E$3+VLOOKUP(F11,Critérios!$E$3:$G$7,3,FALSE)*$F$3+VLOOKUP(G11,Critérios!$E$3:$G$7,3,FALSE)*$G$3+VLOOKUP(H11,Critérios!$E$3:$G$7,3,FALSE)*$H$3 -> 0 | J11: 1 | K11: 1 | L11: 1 | M11: 1 | N11: 1 | O11: 1 | P11: =VLOOKUP(J11,Critérios!$E$3:$G$7,3,FALSE)*$C$3+VLOOKUP(K11,Critérios!$E$3:$G$7,3,FALSE)*$D$3+VLOOKUP(L11,Critérios!$E$3:$G$7,3,FALSE)*$E$3+VLOOKUP(M11,Critérios!$E$3:$G$7,3,FALSE)*$F$3+VLOOKUP(N11,Critérios!$E$3:$G$7,3,FALSE)*$G$3+VLOOKUP(O11,Critérios!$E$3:$G$7,3,FALSE)*$H$3 -> 0 | Q11: 1 | R11: 1 | S11: 1 | T11: 1 | U11: 1 | V11: 1 | W11: =VLOOKUP(Q11,Critérios!$E$3:$G$7,3,FALSE)*$C$3+VLOOKUP(R11,Critérios!$E$3:$G$7,3,FALSE)*$D$3+VLOOKUP(S11,Critérios!$E$3:$G$7,3,FALSE)*$E$3+VLOOKUP(T11,Critérios!$E$3:$G$7,3,FALSE)*$F$3+VLOOKUP(U11,Critérios!$E$3:$G$7,3,FALSE)*$G$3+VLOOKUP(V11,Critérios!$E$3:$G$7,3,FALSE)*$H$3 -> 0
C12: 1 | D12: 1 | E12: 1 | F12: 1 | G12: 1 | H12: 1 | I12: =VLOOKUP(C12,Critérios!$E$3:$G$7,3,FALSE)*$C$3+VLOOKUP(D12,Critérios!$E$3:$G$7,3,FALSE)*$D$3+VLOOKUP(E12,Critérios!$E$3:$G$7,3,FALSE)*$E$3+VLOOKUP(F12,Critérios!$E$3:$G$7,3,FALSE)*$F$3+VLOOKUP(G12,Critérios!$E$3:$G$7,3,FALSE)*$G$3+VLOOKUP(H12,Critérios!$E$3:$G$7,3,FALSE)*$H$3 -> 0 | J12: 1 | K12: 1 | L12: 1 | M12: 1 | N12: 1 | O12: 1 | P12: =VLOOKUP(J12,Critérios!$E$3:$G$7,3,FALSE)*$C$3+VLOOKUP(K12,Critérios!$E$3:$G$7,3,FALSE)*$D$3+VLOOKUP(L12,Critérios!$E$3:$G$7,3,FALSE)*$E$3+VLOOKUP(M12,Critérios!$E$3:$G$7,3,FALSE)*$F$3+VLOOKUP(N12,Critérios!$E$3:$G$7,3,FALSE)*$G$3+VLOOKUP(O12,Critérios!$E$3:$G$7,3,FALSE)*$H$3 -> 0 | Q12: 1 | R12: 1 | S12: 1 | T12: 1 | U12: 1 | V12: 1 | W12: =VLOOKUP(Q12,Critérios!$E$3:$G$7,3,FALSE)*$C$3+VLOOKUP(R12,Critérios!$E$3:$G$7,3,FALSE)*$D$3+VLOOKUP(S12,Critérios!$E$3:$G$7,3,FALSE)*$E$3+VLOOKUP(T12,Critérios!$E$3:$G$7,3,FALSE)*$F$3+VLOOKUP(U12,Critérios!$E$3:$G$7,3,FALSE)*$G$3+VLOOKUP(V12,Critérios!$E$3:$G$7,3,FALSE)*$H$3 -> 0
C13: 1 | D13: 1 | E13: 1 | F13: 1 | G13: 1 | H13: 1 | I13: =VLOOKUP(C13,Critérios!$E$3:$G$7,3,FALSE)*$C$3+VLOOKUP(D13,Critérios!$E$3:$G$7,3,FALSE)*$D$3+VLOOKUP(E13,Critérios!$E$3:$G$7,3,FALSE)*$E$3+VLOOKUP(F13,Critérios!$E$3:$G$7,3,FALSE)*$F$3+VLOOKUP(G13,Critérios!$E$3:$G$7,3,FALSE)*$G$3+VLOOKUP(H13,Critérios!$E$3:$G$7,3,FALSE)*$H$3 -> 0 | J13: 1 | K13: 1 | L13: 1 | M13: 1 | N13: 1 | O13: 1 | P13: =VLOOKUP(J13,Critérios!$E$3:$G$7,3,FALSE)*$C$3+VLOOKUP(K13,Critérios!$E$3:$G$7,3,FALSE)*$D$3+VLOOKUP(L13,Critérios!$E$3:$G$7,3,FALSE)*$E$3+VLOOKUP(M13,Critérios!$E$3:$G$7,3,FALSE)*$F$3+VLOOKUP(N13,Critérios!$E$3:$G$7,3,FALSE)*$G$3+VLOOKUP(O13,Critérios!$E$3:$G$7,3,FALSE)*$H$3 -> 0 | Q13: 1 | R13: 1 | S13: 1 | T13: 1 | U13: 1 | V13: 1 | W13: =VLOOKUP(Q13,Critérios!$E$3:$G$7,3,FALSE)*$C$3+VLOOKUP(R13,Critérios!$E$3:$G$7,3,FALSE)*$D$3+VLOOKUP(S13,Critérios!$E$3:$G$7,3,FALSE)*$E$3+VLOOKUP(T13,Critérios!$E$3:$G$7,3,FALSE)*$F$3+VLOOKUP(U13,Critérios!$E$3:$G$7,3,FALSE)*$G$3+VLOOKUP(V13,Critérios!$E$3:$G$7,3,FALSE)*$H$3 -> 0

Sheet Alunos
B1: Sprint 1 | J1: Sprint 2 | R1: Sprint 3
A2: Aluno | B2: Equipe | C2: Papel | D2: Proatividade | E2: Autonomia | F2: Colaboração | G2: Entrega de Resultados | H2: Nota da Equipe | I2: Total | J2: Equipe | K2: Papel | L2: Proatividade | M2: Autonomia | N2: Colaboração | O2: Entrega de Resultados | P2: Nota do Grupo | Q2: Total | R2: Equipe | S2: Papel | T2: Proatividade | U2: Autonomia | V2: Colaboração | W2: Entrega de Resultados | X2: Nota do Grupo | Y2: Total | Z2: Nota Final
A3: Augusto Adriano Silva de Oliveira | B3: FactLog | C3: PO | D3: 4 | E3: 4 | F3: 4 | G3: 4 | H3: =VLOOKUP(B3,Equipes!$A$4:$W$13,9,FALSE) -> 5.1 | I3: =Critérios!$E$18*(VLOOKUP(D3,Critérios!$E$3:$G$7,3,FALSE)+VLOOKUP(E3,Critérios!$E$3:$G$7,3,FALSE)+VLOOKUP(F3,Critérios!$E$3:$G$7,3,FALSE)+VLOOKUP(G3,Critérios!$E$3:$G$7,3,FALSE))/4+H3 -> 8.1 | J3: FactLog | K3: Dev | L3: 1 | M3: 1 | N3: 1 | O3: 1 | P3: =VLOOKUP(J3,Equipes!$A$4:$W$13,16,FALSE) -> 0 | Q3: =Critérios!$E$18*(VLOOKUP(L3,Critérios!$E$3:$G$7,3,FALSE)+VLOOKUP(M3,Critérios!$E$3:$G$7,3,FALSE)+VLOOKUP(N3,Critérios!$E$3:$G$7,3,FALSE)+VLOOKUP(O3,Critérios!$E$3:$G$7,3,FALSE))/4+P3 -> 0 | R3: FactLog | S3: Dev | T3: 1 | U3: 1 | V3: 1 | W3: 1 | X3: =VLOOKUP(R3,Equipes!$A$4:$W$13,23,FALSE) -> 0 | Y3: =Critérios!$E$18*(VLOOKUP(T3,Critérios!$E$3:$G$7,3,FALSE)+VLOOKUP(U3,Critérios!$E$3:$G$7,3,FALSE)+VLOOKUP(V3,Critérios!$E$3:$G$7,3,FALSE)+VLOOKUP(W3,Critérios!$E$3:$G$7,3,FALSE))/4+X3 -> 0 | Z3: =AVERAGE(I3,Q3,Y3) -> 2.7
A4: Felipe de Lima Machado | B4: FactLog | C4: SM | D4: 4 | E4: 4 | F4: 4 | G4: 4 | H4: =VLOOKUP(B4,Equipes!$A$4:$W$13,9,FALSE) -> 5.1 | I4: =Critérios!$E$18*(VLOOKUP(D4,Critérios!$E$3:$G$7,3,FALSE)+VLOOKUP(E4,Critérios!$E$3:$G$7,3,FALSE)+VLOOKUP(F4,Critérios!$E$3:$G$7,3,FALSE)+VLOOKUP(G4,Critérios!$E$3:$G$7,3,FALSE))/4+H4 -> 8.1 | J4: FactLog | K4: SM | L4: 1 | M4: 1 | N4: 1 | O4: 1 | P4: =VLOOKUP(J4,Equipes!$A$4:$W$13,16,FALSE) -> 0 | Q4: =Critérios!$E$18*(VLOOKUP(L4,Critérios!$E$3:$G$7,3,FALSE)+VLOOKUP(M4,Critérios!$E$3:$G$7,3,FALSE)+VLOOKUP(N4,Critérios!$E$3:$G$7,3,FALSE)+VLOOKUP(O4,Critérios!$E$3:$G$7,3,FALSE))/4+P4 -> 0 | R4: FactLog | S4: SM | T4: 1 | U4: 1 | V4: 1 | W4: 1 | X4: =VLOOKUP(R4,Equipes!$A$4:$W$13,23,FALSE) -> 0 | Y4: =Critérios!$E$18*(VLOOKUP(T4,Critérios!$E$3:$G$7,3,FALSE)+VLOOKUP(U4,Critérios!$E$3:$G$7,3,FALSE)+VLOOKUP(V4,Critérios!$E$3:$G$7,3,FALSE)+VLOOKUP(W4,Critérios!$E$3:$G$7,3,FALSE))/4+X4 -> 0 | Z4: =AVERAGE(I4,Q4,Y4) -> 2.7
A5: João Ricardo Rodrigues Araújo | B5: FactLog | C5: Dev | D5: 4 | E5: 4 | F5: 4 | G5: 4 | H5: =VLOOKUP(B5,Equipes!$A$4:$W$13,9,FALSE) -> 5.1 | I5: =Critérios!$E$18*(VLOOKUP(D5,Critérios!$E$3:$G$7,3,FALSE)+VLOOKUP(E5,Critérios!$E$3:$G$7,3,FALSE)+VLOOKUP(F5,Critérios!$E$3:$G$7,3,FALSE)+VLOOKUP(G5,Critérios!$E$3:$G$7,3,FALSE))/4+H5 -> 8.1 | J5: FactLog | K5: PO | L5: 1 | M5: 1 | N5: 1 | O5: 1 | P5: =VLOOKUP(J5,Equipes!$A$4:$W$13,16,FALSE) -> 0 | Q5: =Critérios!$E$18*(VLOOKUP(L5,Critérios!$E$3:$G$7,3,FALSE)+VLOOKUP(M5,Critérios!$E$3:$G$7,3,FALSE)+VLOOKUP(N5,Critérios!$E$3:$G$7,3,FALSE)+VLOOKUP(O5,Critérios!$E$3:$G$7,3,FALSE))/4+P5 -> 0 | R5: FactLog | S5: PO | T5: 1 | U5: 1 | V5: 1 | W5: 1 | X5: =VLOOKUP(R5,Equipes!$A$4:$W$13,23,FALSE) -> 0 | Y5: =Critérios!$E$18*(VLOOKUP(T5,Critérios!$E$3:$G$7,3,FALSE)+VLOOKUP(U5,Critérios!$E$3:$G$7,3,FALSE)+VLOOKUP(V5,Critérios!$E$3:$G$7,3,FALSE)+VLOOKUP(W5,Critérios!$E$3:$G$7,3,FALSE))/4+X5 -> 0 | Z5: =AVERAGE(I5,Q5,Y5) -> 2.7
A6: Luiz Fernando da Silva Melo | B6: FactLog | C6: Dev | D6: 4 | E6: 4 | F6: 4 | G6: 4 | H6: =VLOOKUP(B6,Equipes!$A$4:$W$13,9,FALSE) -> 5.1 | I6: =Critérios!$E$18*(VLOOKUP(D6,Critérios!$E$3:$G$7,3,FALSE)+VLOOKUP(E6,Critérios!$E$3:$G$7,3,FALSE)+VLOOKUP(F6,Critérios!$E$3:$G$7,3,FALSE)+VLOOKUP(G6,Critérios!$E$3:$G$7,3,FALSE))/4+H6 -> 8.1 | J6: FactLog | K6: Dev | L6: 1 | M6: 1 | N6: 1 | O6: 1 | P6: =VLOOKUP(J6,Equipes!$A$4:$W$13,16,FALSE) -> 0 | Q6: =Critérios!$E$18*(VLOOKUP(L6,Critérios!$E$3:$G$7,3,FALSE)+VLOOKUP(M6,Critérios!$E$3:$G$7,3,FALSE)+VLOOKUP(N6,Critérios!$E$3:$G$7,3,FALSE)+VLOOKUP(O6,Critérios!$E$3:$G$7,3,FALSE))/4+P6 -> 0 | R6: FactLog | S6: Dev | T6: 1 | U6: 1 | V6: 1 | W6: 1 | X6: =VLOOKUP(R6,Equipes!$A$4:$W$13,23,FALSE) -> 0 | Y6: =Critérios!$E$18*(VLOOKUP(T6,Critérios!$E$3:$G$7,3,FALSE)+VLOOKUP(U6,Critérios!$E$3:$G$7,3,FALSE)+VLOOKUP(V6,Critérios!$E$3:$G$7,3,FALSE)+VLOOKUP(W6,Critérios!$E$3:$G$7,3,FALSE))/4+X6 -> 0 | Z6: =AVERAGE(I6,Q6,Y6) -> 2.7
A7: Maria Vitória Macedo Gonçalves | B7: FactLog | C7: Dev | D7: 4 | E7: 4 | F7: 4 | G7: 4 | H7: =VLOOKUP(B7,Equipes!$A$4:$W$13,9,FALSE) -> 5.1 | I7: =Critérios!$E$18*(VLOOKUP(D7,Critérios!$E$3:$G$7,3,FALSE)+VLOOKUP(E7,Critérios!$E$3:$G$7,3,FALSE)+VLOOKUP(F7,Critérios!$E$3:$G$7,3,FALSE)+VLOOKUP(G7,Critérios!$E$3:$G$7,3,FALSE))/4+H7 -> 8.1 | J7: FactLog | K7: Dev | L7: 1 | M7: 1 | N7: 1 | O7: 1 | P7: =VLOOKUP(J7,Equipes!$A$4:$W$13,16,FALSE) -> 0 | Q7: =Critérios!$E$18*(VLOOKUP(L7,Critérios!$E$3:$G$7,3,FALSE)+VLOOKUP(M7,Critérios!$E$3:$G$7,3,FALSE)+VLOOKUP(N7,Critérios!$E$3:$G$7,3,FALSE)+VLOOKUP(O7,Critérios!$E$3:$G$7,3,FALSE))/4+P7 -> 0 | R7: FactLog | S7: Dev | T7: 1 | U7: 1 | V7: 1 | W7: 1 | X7: =VLOOKUP(R7,Equipes!$A$4:$W$13,23,FALSE) -> 0 | Y7: =Critérios!$E$18*(VLOOKUP(T7,Critérios!$E$3:$G$7,3,FALSE)+VLOOKUP(U7,Critérios!$E$3:$G$7,3,FALSE)+VLOOKUP(V7,Critérios!$E$3:$G$7,3,FALSE)+VLOOKUP(W7,Critérios!$E$3:$G$7,3,FALSE))/4+X7 -> 0 | Z7: =AVERAGE(I7,Q7,Y7) -> 2.7
A8: Samuel Felipe Alves dos Santos | B8: FactLog | C8: Dev | D8: 4 | E8: 4 | F8: 4 | G8: 4 | H8: =VLOOKUP(B8,Equipes!$A$4:$W$13,9,FALSE) -> 5.1 | I8: =Critérios!$E$18*(VLOOKUP(D8,Critérios!$E$3:$G$7,3,FALSE)+VLOOKUP(E8,Critérios!$E$3:$G$7,3,FALSE)+VLOOKUP(F8,Critérios!$E$3:$G$7,3,FALSE)+VLOOKUP(G8,Critérios!$E$3:$G$7,3,FALSE))/4+H8 -> 8.1 | J8: FactLog | K8: SM | L8: 1 | M8: 1 | N8: 1 | O8: 1 | P8: =VLOOKUP(J8,Equipes!$A$4:$W$13,16,FALSE) -> 0 | Q8: =Critérios!$E$18*(VLOOKUP(L8,Critérios!$E$3:$G$7,3,FALSE)+VLOOKUP(M8,Critérios!$E$3:$G$7,3,FALSE)+VLOOKUP(N8,Critérios!$E$3:$G$7,3,FALSE)+VLOOKUP(O8,Critérios!$E$3:$G$7,3,FALSE))/4+P8 -> 0 | R8: FactLog | S8: SM | T8: 1 | U8: 1 | V8: 1 | W8: 1 | X8: =VLOOKUP(R8,Equipes!$A$4:$W$13,23,FALSE) -> 0 | Y8: =Critérios!$E$18*(VLOOKUP(T8,Critérios!$E$3:$G$7,3,FALSE)+VLOOKUP(U8,Critérios!$E$3:$G$7,3,FALSE)+VLOOKUP(V8,Critérios!$E$3:$G$7,3,FALSE)+VLOOKUP(W8,Critérios!$E$3:$G$7,3,FALSE))/4+X8 -> 0 | Z8: =AVERAGE(I8,Q8,Y8) -> 2.7
A9: Matheus Luiz da Silva Santos | B9: FactLog | C9: Dev | D9: 4 | E9: 4 | F9: 4 | G9: 4 | H9: =VLOOKUP(B9,Equipes!$A$4:$W$13,9,FALSE) -> 5.1 | I9: =Critérios!$E$18*(VLOOKUP(D9,Critérios!$E$3:$G$7,3,FALSE)+VLOOKUP(E9,Critérios!$E$3:$G$7,3,FALSE)+VLOOKUP(F9,Critérios!$E$3:$G$7,3,FALSE)+VLOOKUP(G9,Critérios!$E$3:$G$7,3,FALSE))/4+H9 -> 8.1 | J9: FactLog | K9: Dev | L9: 1 | M9: 1 | N9: 1 | O9: 1 | P9: =VLOOKUP(J9,Equipes!$A$4:$W$13,16,FALSE) -> 0 | Q9: =Critérios!$E$18*(VLOOKUP(L9,Critérios!$E$3:$G$7,3,FALSE)+VLOOKUP(M9,Critérios!$E$3:$G$7,3,FALSE)+VLOOKUP(N9,Critérios!$E$3:$G$7,3,FALSE)+VLOOKUP(O9,Critérios!$E$3:$G$7,3,FALSE))/4+P9 -> 0 | R9: FactLog | S9: Dev | T9: 1 | U9: 1 | V9: 1 | W9: 1 | X9: =VLOOKUP(R9,Equipes!$A$4:$W$13,23,FALSE) -> 0 | Y9: =Critérios!$E$18*(VLOOKUP(T9,Critérios!$E$3:$G$7,3,FALSE)+VLOOKUP(U9,Critérios!$E$3:$G$7,3,FALSE)+VLOOKUP(V9,Critérios!$E$3:$G$7,3,FALSE)+VLOOKUP(W9,Critérios!$E$3:$G$7,3,FALSE))/4+X9 -> 0 | Z9: =AVERAGE(I9,Q9,Y9) -> 2.7
A10: Enderli dos Passos Santos | B10: Hermscorp | C10: Dev | D10: 1 | E10: 1 | F10: 1 | G10: 1 | H10: =VLOOKUP(B10,Equipes!$A$4:$W$13,9,FALSE) -> 0 | I10: =Critérios!$E$18*(VLOOKUP(D10,Critérios!$E$3:$G$7,3,FALSE)+VLOOKUP(E10,Critérios!$E$3:$G$7,3,FALSE)+VLOOKUP(F10,Critérios!$E$3:$G$7,3,FALSE)+VLOOKUP(G10,Critérios!$E$3:$G$7,3,FALSE))/4+H10 -> 0 | J10: FactLog | K10: Dev | L10: 1 | M10: 1 | N10: 1 | O10: 1 | P10: =VLOOKUP(J10,Equipes!$A$4:$W$13,16,FALSE) -> 0 | Q10: =Critérios!$E$18*(VLOOKUP(L10,Critérios!$E$3:$G$7,3,FALSE)+VLOOKUP(M10,Critérios!$E$3:$G$7,3,FALSE)+VLOOKUP(N10,Critérios!$E$3:$G$7,3,FALSE)+VLOOKUP(O10,Critérios!$E$3:$G$7,3,FALSE))/4+P10 -> 0 | R10: FactLog | S10: Dev | T10: 1 | U10: 1 | V10: 1 | W10: 1 | X10: =VLOOKUP(R10,Equipes!$A$4:$W$13,23,FALSE) -> 0 | Y10: =Critérios!$E$18*(VLOOKUP(T10,Critérios!$E$3:$G$7,3,FALSE)+VLOOKUP(U10,Critérios!$E$3:$G$7,3,FALSE)+VLOOKUP(V10,Critérios!$E$3:$G$7,3,FALSE)+VLOOKUP(W10,Critérios!$E$3:$G$7,3,FALSE))/4+X10 -> 0 | Z10: =AVERAGE(I10,Q10,Y10) -> 0
A11: Giovani Ribeiro Machado da Rocha | B11: Hermscorp | C11: Dev | D11: 1 | E11: 1 | F11: 1 | G11: 1 | H11: =VLOOKUP(B11,Equipes!$A$4:$W$13,9,FALSE) -> 0 | I11: =Critérios!$E$18*(VLOOKUP(D11,Critérios!$E$3:$G$7,3,FALSE)+VLOOKUP(E11,Critérios!$E$3:$G$7,3,FALSE)+VLOOKUP(F11,Critérios!$E$3:$G$7,3,FALSE)+VLOOKUP(G11,Critérios!$E$3:$G$7,3,FALSE))/4+H11 -> 0 | J11: FactLog | K11: Dev | L11: 1 | M11: 1 | N11: 1 | O11: 1 | P11: =VLOOKUP(J11,Equipes!$A$4:$W$13,16,FALSE) -> 0 | Q11: =Critérios!$E$18*(VLOOKUP(L11,Critérios!$E$3:$G$7,3,FALSE)+VLOOKUP(M11,Critérios!$E$3:$G$7,3,FALSE)+VLOOKUP(N11,Critérios!$E$3:$G$7,3,FALSE)+VLOOKUP(O11,Critérios!$E$3:$G$7,3,FALSE))/4+P11 -> 0 | R11: FactLog | S11: Dev | T11: 1 | U11: 1 | V11: 1 | W11: 1 | X11: =VLOOKUP(R11,Equipes!$A$4:$W$13,23,FALSE) -> 0 | Y11: =Critérios!$E$18*(VLOOKUP(T11,Critérios!$E$3:$G$7,3,FALSE)+VLOOKUP(U11,Critérios!$E$3:$G$7,3,FALSE)+VLOOKUP(V11,Critérios!$E$3:$G$7,3,FALSE)+VLOOKUP(W11,Critérios!$E$3:$G$7,3,FALSE))/4+X11 -> 0 | Z11: =AVERAGE(I11,Q11,Y11) -> 0
A12: João Pedro de Carvalho Souza | B12: Hermscorp | C12: Dev | D12: 1 | E12: 1 | F12: 1 | G12: 1 | H12: =VLOOKUP(B12,Equipes!$A$4:$W$13,9,FALSE) -> 0 | I12: =Critérios!$E$18*(VLOOKUP(D12,Critérios!$E$3:$G$7,3,FALSE)+VLOOKUP(E12,Critérios!$E$3:$G$7,3,FALSE)+VLOOKUP(F12,Critérios!$E$3:$G$7,3,FALSE)+VLOOKUP(G12,Critérios!$E$3:$G$7,3,FALSE))/4+H12 -> 0 | J12: FactLog | K12: Dev | L12: 1 | M12: 1 | N12: 1 | O12: 1 | P12: =VLOOKUP(J12,Equipes!$A$4:$W$13,16,FALSE) -> 0 | Q12: =Critérios!$E$18*(VLOOKUP(L12,Critérios!$E$3:$G$7,3,FALSE)+VLOOKUP(M12,Critérios!$E$3:$G$7,3,FALSE)+VLOOKUP(N12,Critérios!$E$3:$G$7,3,FALSE)+VLOOKUP(O12,Critérios!$E$3:$G$7,3,FALSE))/4+P12 -> 0 | R12: FactLog | S12: Dev | T12: 1 | U12: 1 | V12: 1 | W12: 1 | X12: =VLOOKUP(R12,Equipes!$A$4:$W$13,23,FALSE) -> 0 | Y12: =Critérios!$E$18*(VLOOKUP(T12,Critérios!$E$3:$G$7,3,FALSE)+VLOOKUP(U12,Critérios!$E$3:$G$7,3,FALSE)+VLOOKUP(V12,Critérios!$E$3:$G$7,3,FALSE)+VLOOKUP(W12,Critérios!$E$3:$G$7,3,FALSE))/4+X12 -> 0 | Z12: =AVERAGE(I12,Q12,Y12) -> 0
A13: Laura Salles Ferreira | B13: Hermscorp | C13: Dev | D13: 1 | E13: 1 | F13: 1 | G13: 1 | H13: =VLOOKUP(B13,Equipes!$A$4:$W$13,9,FALSE) -> 0 | I13: =Critérios!$E$18*(VLOOKUP(D13,Critérios!$E$3:$G$7,3,FALSE)+VLOOKUP(E13,Critérios!$E$3:$G$7,3,FALSE)+VLOOKUP(F13,Critérios!$E$3:$G$7,3,FALSE)+VLOOKUP(G13,Critérios!$E$3:$G$7,3,FALSE))/4+H13 -> 0 | J13: FactLog | K13: Dev | L13: 1 | M13: 1 | N13: 1 | O13: 1 | P13: =VLOOKUP(J13,Equipes!$A$4:$W$13,16,FALSE) -> 0 | Q13: =Critérios!$E$18*(VLOOKUP(L13,Critérios!$E$3:$G$7,3,FALSE)+VLOOKUP(M13,Critérios!$E$3:$G$7,3,FALSE)+VLOOKUP(N13,Critérios!$E$3:$G$7,3,FALSE)+VLOOKUP(O13,Critérios!$E$3:$G$7,3,FALSE))/4+P13 -> 0 | R13: FactLog | S13: Dev | T13: 1 | U13: 1 | V13: 1 | W13: 1 | X13: =VLOOKUP(R13,Equipes!$A$4:$W$13,23,FALSE) -> 0 | Y13: =Critérios!$E$18*(VLOOKUP(T13,Critérios!$E$3:$G$7,3,FALSE)+VLOOKUP(U13,Critérios!$E$3:$G$7,3,FALSE)+VLOOKUP(V13,Critérios!$E$3:$G$7,3,FALSE)+VLOOKUP(W13,Critérios!$E$3:$G$7,3,FALSE))/4+X13 -> 0 | Z13: =AVERAGE(I13,Q13,Y13) -> 0
A14: Marcos Santana da Silva | B14: Hermscorp | C14: Dev | D14: 1 | E14: 1 | F14: 1 | G14: 1 | H14: =VLOOKUP(B14,Equipes!$A$4:$W$13,9,FALSE) -> 0 | I14: =Critérios!$E$18*(VLOOKUP(D14,Critérios!$E$3:$G$7,3,FALSE)+VLOOKUP(E14,Critérios!$E$3:$G$7,3,FALSE)+VLOOKUP(F14,Critérios!$E$3:$G$7,3,FALSE)+VLOOKUP(G14,Critérios!$E$3:$G$7,3,FALSE))/4+H14 -> 0 | J14: FactLog | K14: Dev | L14: 1 | M14: 1 | N14: 1 | O14: 1 | P14: =VLOOKUP(J14,Equipes!$A$4:$W$13,16,FALSE) -> 0 | Q14: =Critérios!$E$18*(VLOOKUP(L14,Critérios!$E$3:$G$7,3,FALSE)+VLOOKUP(M14,Critérios!$E$3:$G$7,3,FALSE)+VLOOKUP(N14,Critérios!$E$3:$G$7,3,FALSE)+VLOOKUP(O14,Critérios!$E$3:$G$7,3,FALSE))/4+P14 -> 0 | R14: FactLog | S14: Dev | T14: 1 | U14: 1 | V14: 1 | W14: 1 | X14: =VLOOKUP(R14,Equipes!$A$4:$W$13,23,FALSE) -> 0 | Y14: =Critérios!$E$18*(VLOOKUP(T14,Critérios!$E$3:$G$7,3,FALSE)+VLOOKUP(U14,Critérios!$E$3:$G$7,3,FALSE)+VLOOKUP(V14,Critérios!$E$3:$G$7,3,FALSE)+VLOOKUP(W14,Critérios!$E$3:$G$7,3,FALSE))/4+X14 -> 0 | Z14: =AVERAGE(I14,Q14,Y14) -> 0
... A36: Julio | B36: LogSystem | C36: Dev | D36: 1 | E36: 1 | F36: 1 | G36: 1 | H36: =VLOOKUP(B36,Equipes!$A$4:$W$13,9,FALSE) -> 0 | I36: =Critérios!$E$18*(VLOOKUP(D36,Critérios!$E$3:$G$7,3,FALSE)+VLOOKUP(E36,Critérios!$E$3:$G$7,3,FALSE)+VLOOKUP(F36,Critérios!$E$3:$G$7,3,FALSE)+VLOOKUP(G36,Critérios!$E$3:$G$7,3,FALSE))/4+H36 -> 0 | J36: FactLog | K36: Dev | L36: 1 | M36: 1 | N36: 1 | O36: 1 | P36: =VLOOKUP(J36,Equipes!$A$4:$W$13,16,FALSE) -> 0 | Q36: =Critérios!$E$18*(VLOOKUP(L36,Critérios!$E$3:$G$7,3,FALSE)+VLOOKUP(M36,Critérios!$E$3:$G$7,3,FALSE)+VLOOKUP(N36,Critérios!$E$3:$G$7,3,FALSE)+VLOOKUP(O36,Critérios!$E$3:$G$7,3,FALSE))/4+P36 -> 0 | R36: FactLog | S36: Dev | T36: 1 | U36: 1 | V36: 1 | W36: 1 | X36: =VLOOKUP(R36,Equipes!$A$4:$W$13,23,FALSE) -> 0 | Y36: =Critérios!$E$18*(VLOOKUP(T36,Critérios!$E$3:$G$7,3,FALSE)+VLOOKUP(U36,Critérios!$E$3:$G$7,3,FALSE)+VLOOKUP(V36,Critérios!$E$3:$G$7,3,FALSE)+VLOOKUP(W36,Critérios!$E$3:$G$7,3,FALSE))/4+X36 -> 0 | Z36: =AVERAGE(I36,Q36,Y36) -> 0

Sheet Configuração
A1: Papéis
A2: Dev
A3: SM
A4: PO
